Extract_Date,Reported_Date,City,is_newyork,Population,Data_Source,New_Cases,mavg_7day_new_cases,new_cases_per_100K,mavg_7day_per_100k_new_cases
2021-05-30,2020-02-29,New York,1,18804000,https://github.com/nychealth/coronavirus-data/blob/master/trends/data-by-day.csv,1,0,0.01,0.01
2021-05-30,2020-03-01,New York,1,18804000,https://github.com/nychealth/coronavirus-data/blob/master/trends/data-by-day.csv,0,0,0.0,0.0
2021-05-30,2020-03-02,New York,1,18804000,https://github.com/nychealth/coronavirus-data/blob/master/trends/data-by-day.csv,0,0,0.0,0.0
2021-05-30,2020-03-03,New York,1,18804000,https://github.com/nychealth/coronavirus-data/blob/master/trends/data-by-day.csv,1,0,0.01,0.0
2021-05-30,2020-03-04,New York,1,18804000,https://github.com/nychealth/coronavirus-data/blob/master/trends/data-by-day.csv,5,0,0.03,0.01
2021-05-30,2020-03-05,New York,1,18804000,https://github.com/nychealth/coronavirus-data/blob/master/trends/data-by-day.csv,3,0,0.02,0.01
2021-05-30,2020-03-06,New York,1,18804000,https://github.com/nychealth/coronavirus-data/blob/master/trends/data-by-day.csv,8,3,0.04,0.02
2021-05-30,2020-03-07,New York,1,18804000,https://github.com/nychealth/coronavirus-data/blob/master/trends/data-by-day.csv,7,3,0.04,0.02
2021-05-30,2020-03-08,New York,1,18804000,https://github.com/nychealth/coronavirus-data/blob/master/trends/data-by-day.csv,21,6,0.11,0.04
2021-05-30,2020-03-09,New York,1,18804000,https://github.com/nychealth/coronavirus-data/blob/master/trends/data-by-day.csv,57,15,0.3,0.08
2021-05-30,2020-03-10,New York,1,18804000,https://github.com/nychealth/coronavirus-data/blob/master/trends/data-by-day.csv,69,24,0.37,0.13
2021-05-30,2020-03-11,New York,1,18804000,https://github.com/nychealth/coronavirus-data/blob/master/trends/data-by-day.csv,155,46,0.82,0.24
2021-05-30,2020-03-12,New York,1,18804000,https://github.com/nychealth/coronavirus-data/blob/master/trends/data-by-day.csv,355,96,1.89,0.51
2021-05-30,2020-03-13,New York,1,18804000,https://github.com/nychealth/coronavirus-data/blob/master/trends/data-by-day.csv,619,183,3.29,0.97
2021-05-30,2020-03-14,New York,1,18804000,https://github.com/nychealth/coronavirus-data/blob/master/trends/data-by-day.csv,642,274,3.41,1.46
2021-05-30,2020-03-15,New York,1,18804000,https://github.com/nychealth/coronavirus-data/blob/master/trends/data-by-day.csv,1035,419,5.5,2.23
2021-05-30,2020-03-16,New York,1,18804000,https://github.com/nychealth/coronavirus-data/blob/master/trends/data-by-day.csv,2121,714,11.28,3.79
2021-05-30,2020-03-17,New York,1,18804000,https://github.com/nychealth/coronavirus-data/blob/master/trends/data-by-day.csv,2452,1054,13.04,5.6
2021-05-30,2020-03-18,New York,1,18804000,https://github.com/nychealth/coronavirus-data/blob/master/trends/data-by-day.csv,2971,1456,15.8,7.74
2021-05-30,2020-03-19,New York,1,18804000,https://github.com/nychealth/coronavirus-data/blob/master/trends/data-by-day.csv,3707,1935,19.71,10.29
2021-05-30,2020-03-20,New York,1,18804000,https://github.com/nychealth/coronavirus-data/blob/master/trends/data-by-day.csv,4007,2419,21.31,12.86
2021-05-30,2020-03-21,New York,1,18804000,https://github.com/nychealth/coronavirus-data/blob/master/trends/data-by-day.csv,2638,2704,14.03,14.38
2021-05-30,2020-03-22,New York,1,18804000,https://github.com/nychealth/coronavirus-data/blob/master/trends/data-by-day.csv,2580,2925,13.72,15.56
2021-05-30,2020-03-23,New York,1,18804000,https://github.com/nychealth/coronavirus-data/blob/master/trends/data-by-day.csv,3570,3132,18.99,16.66
2021-05-30,2020-03-24,New York,1,18804000,https://github.com/nychealth/coronavirus-data/blob/master/trends/data-by-day.csv,4500,3425,23.93,18.21
2021-05-30,2020-03-25,New York,1,18804000,https://github.com/nychealth/coronavirus-data/blob/master/trends/data-by-day.csv,4874,3697,25.92,19.66
2021-05-30,2020-03-26,New York,1,18804000,https://github.com/nychealth/coronavirus-data/blob/master/trends/data-by-day.csv,5046,3888,26.83,20.68
2021-05-30,2020-03-27,New York,1,18804000,https://github.com/nychealth/coronavirus-data/blob/master/trends/data-by-day.csv,5117,4046,27.21,21.52
2021-05-30,2020-03-28,New York,1,18804000,https://github.com/nychealth/coronavirus-data/blob/master/trends/data-by-day.csv,3480,4167,18.51,22.16
2021-05-30,2020-03-29,New York,1,18804000,https://github.com/nychealth/coronavirus-data/blob/master/trends/data-by-day.csv,3560,4307,18.93,22.9
2021-05-30,2020-03-30,New York,1,18804000,https://github.com/nychealth/coronavirus-data/blob/master/trends/data-by-day.csv,6130,4672,32.6,24.85
2021-05-30,2020-03-31,New York,1,18804000,https://github.com/nychealth/coronavirus-data/blob/master/trends/data-by-day.csv,5458,4809,29.03,25.58
2021-05-30,2020-04-01,New York,1,18804000,https://github.com/nychealth/coronavirus-data/blob/master/trends/data-by-day.csv,5448,4891,28.97,26.01
2021-05-30,2020-04-02,New York,1,18804000,https://github.com/nychealth/coronavirus-data/blob/master/trends/data-by-day.csv,5747,4991,30.56,26.54
2021-05-30,2020-04-03,New York,1,18804000,https://github.com/nychealth/coronavirus-data/blob/master/trends/data-by-day.csv,5669,5070,30.15,26.96
2021-05-30,2020-04-04,New York,1,18804000,https://github.com/nychealth/coronavirus-data/blob/master/trends/data-by-day.csv,3864,5125,20.55,27.26
2021-05-30,2020-04-05,New York,1,18804000,https://github.com/nychealth/coronavirus-data/blob/master/trends/data-by-day.csv,3781,5157,20.11,27.42
2021-05-30,2020-04-06,New York,1,18804000,https://github.com/nychealth/coronavirus-data/blob/master/trends/data-by-day.csv,6354,5189,33.79,27.59
2021-05-30,2020-04-07,New York,1,18804000,https://github.com/nychealth/coronavirus-data/blob/master/trends/data-by-day.csv,6042,5272,32.13,28.04
2021-05-30,2020-04-08,New York,1,18804000,https://github.com/nychealth/coronavirus-data/blob/master/trends/data-by-day.csv,5579,5291,29.67,28.14
2021-05-30,2020-04-09,New York,1,18804000,https://github.com/nychealth/coronavirus-data/blob/master/trends/data-by-day.csv,5072,5194,26.97,27.62
2021-05-30,2020-04-10,New York,1,18804000,https://github.com/nychealth/coronavirus-data/blob/master/trends/data-by-day.csv,4510,5029,23.98,26.74
2021-05-30,2020-04-11,New York,1,18804000,https://github.com/nychealth/coronavirus-data/blob/master/trends/data-by-day.csv,3733,5010,19.85,26.64
2021-05-30,2020-04-12,New York,1,18804000,https://github.com/nychealth/coronavirus-data/blob/master/trends/data-by-day.csv,2887,4882,15.35,25.96
2021-05-30,2020-04-13,New York,1,18804000,https://github.com/nychealth/coronavirus-data/blob/master/trends/data-by-day.csv,3312,4448,17.61,23.65
2021-05-30,2020-04-14,New York,1,18804000,https://github.com/nychealth/coronavirus-data/blob/master/trends/data-by-day.csv,4144,4177,22.04,22.21
2021-05-30,2020-04-15,New York,1,18804000,https://github.com/nychealth/coronavirus-data/blob/master/trends/data-by-day.csv,3875,3933,20.61,20.92
2021-05-30,2020-04-16,New York,1,18804000,https://github.com/nychealth/coronavirus-data/blob/master/trends/data-by-day.csv,3531,3713,18.78,19.75
2021-05-30,2020-04-17,New York,1,18804000,https://github.com/nychealth/coronavirus-data/blob/master/trends/data-by-day.csv,3584,3581,19.06,19.04
2021-05-30,2020-04-18,New York,1,18804000,https://github.com/nychealth/coronavirus-data/blob/master/trends/data-by-day.csv,2172,3358,11.55,17.86
2021-05-30,2020-04-19,New York,1,18804000,https://github.com/nychealth/coronavirus-data/blob/master/trends/data-by-day.csv,2345,3280,12.47,17.45
2021-05-30,2020-04-20,New York,1,18804000,https://github.com/nychealth/coronavirus-data/blob/master/trends/data-by-day.csv,3792,3349,20.17,17.81
2021-05-30,2020-04-21,New York,1,18804000,https://github.com/nychealth/coronavirus-data/blob/master/trends/data-by-day.csv,3063,3195,16.29,16.99
2021-05-30,2020-04-22,New York,1,18804000,https://github.com/nychealth/coronavirus-data/blob/master/trends/data-by-day.csv,3447,3133,18.33,16.66
2021-05-30,2020-04-23,New York,1,18804000,https://github.com/nychealth/coronavirus-data/blob/master/trends/data-by-day.csv,2841,3035,15.11,16.14
2021-05-30,2020-04-24,New York,1,18804000,https://github.com/nychealth/coronavirus-data/blob/master/trends/data-by-day.csv,2535,2885,13.48,15.34
2021-05-30,2020-04-25,New York,1,18804000,https://github.com/nychealth/coronavirus-data/blob/master/trends/data-by-day.csv,1595,2803,8.48,14.9
2021-05-30,2020-04-26,New York,1,18804000,https://github.com/nychealth/coronavirus-data/blob/master/trends/data-by-day.csv,1003,2611,5.33,13.88
2021-05-30,2020-04-27,New York,1,18804000,https://github.com/nychealth/coronavirus-data/blob/master/trends/data-by-day.csv,2289,2396,12.17,12.74
2021-05-30,2020-04-28,New York,1,18804000,https://github.com/nychealth/coronavirus-data/blob/master/trends/data-by-day.csv,2727,2348,14.5,12.49
2021-05-30,2020-04-29,New York,1,18804000,https://github.com/nychealth/coronavirus-data/blob/master/trends/data-by-day.csv,2340,2190,12.44,11.64
2021-05-30,2020-04-30,New York,1,18804000,https://github.com/nychealth/coronavirus-data/blob/master/trends/data-by-day.csv,2022,2073,10.75,11.02
2021-05-30,2020-05-01,New York,1,18804000,https://github.com/nychealth/coronavirus-data/blob/master/trends/data-by-day.csv,1887,1980,10.04,10.53
2021-05-30,2020-05-02,New York,1,18804000,https://github.com/nychealth/coronavirus-data/blob/master/trends/data-by-day.csv,1058,1904,5.63,10.12
2021-05-30,2020-05-03,New York,1,18804000,https://github.com/nychealth/coronavirus-data/blob/master/trends/data-by-day.csv,787,1873,4.19,9.96
2021-05-30,2020-05-04,New York,1,18804000,https://github.com/nychealth/coronavirus-data/blob/master/trends/data-by-day.csv,1550,1767,8.24,9.4
2021-05-30,2020-05-05,New York,1,18804000,https://github.com/nychealth/coronavirus-data/blob/master/trends/data-by-day.csv,1513,1594,8.05,8.48
2021-05-30,2020-05-06,New York,1,18804000,https://github.com/nychealth/coronavirus-data/blob/master/trends/data-by-day.csv,1398,1459,7.43,7.76
2021-05-30,2020-05-07,New York,1,18804000,https://github.com/nychealth/coronavirus-data/blob/master/trends/data-by-day.csv,1239,1347,6.59,7.17
2021-05-30,2020-05-08,New York,1,18804000,https://github.com/nychealth/coronavirus-data/blob/master/trends/data-by-day.csv,1080,1232,5.74,6.55
2021-05-30,2020-05-09,New York,1,18804000,https://github.com/nychealth/coronavirus-data/blob/master/trends/data-by-day.csv,657,1175,3.49,6.25
2021-05-30,2020-05-10,New York,1,18804000,https://github.com/nychealth/coronavirus-data/blob/master/trends/data-by-day.csv,457,1128,2.43,6.0
2021-05-30,2020-05-11,New York,1,18804000,https://github.com/nychealth/coronavirus-data/blob/master/trends/data-by-day.csv,1231,1082,6.55,5.75
2021-05-30,2020-05-12,New York,1,18804000,https://github.com/nychealth/coronavirus-data/blob/master/trends/data-by-day.csv,1285,1050,6.83,5.58
2021-05-30,2020-05-13,New York,1,18804000,https://github.com/nychealth/coronavirus-data/blob/master/trends/data-by-day.csv,1334,1040,7.09,5.53
2021-05-30,2020-05-14,New York,1,18804000,https://github.com/nychealth/coronavirus-data/blob/master/trends/data-by-day.csv,1110,1022,5.9,5.43
2021-05-30,2020-05-15,New York,1,18804000,https://github.com/nychealth/coronavirus-data/blob/master/trends/data-by-day.csv,873,992,4.64,5.28
2021-05-30,2020-05-16,New York,1,18804000,https://github.com/nychealth/coronavirus-data/blob/master/trends/data-by-day.csv,485,968,2.58,5.15
2021-05-30,2020-05-17,New York,1,18804000,https://github.com/nychealth/coronavirus-data/blob/master/trends/data-by-day.csv,360,954,1.91,5.07
2021-05-30,2020-05-18,New York,1,18804000,https://github.com/nychealth/coronavirus-data/blob/master/trends/data-by-day.csv,895,906,4.76,4.82
2021-05-30,2020-05-19,New York,1,18804000,https://github.com/nychealth/coronavirus-data/blob/master/trends/data-by-day.csv,1003,866,5.33,4.6
2021-05-30,2020-05-20,New York,1,18804000,https://github.com/nychealth/coronavirus-data/blob/master/trends/data-by-day.csv,1077,829,5.73,4.41
2021-05-30,2020-05-21,New York,1,18804000,https://github.com/nychealth/coronavirus-data/blob/master/trends/data-by-day.csv,1069,823,5.68,4.38
2021-05-30,2020-05-22,New York,1,18804000,https://github.com/nychealth/coronavirus-data/blob/master/trends/data-by-day.csv,1037,847,5.51,4.5
2021-05-30,2020-05-23,New York,1,18804000,https://github.com/nychealth/coronavirus-data/blob/master/trends/data-by-day.csv,456,842,2.43,4.48
2021-05-30,2020-05-24,New York,1,18804000,https://github.com/nychealth/coronavirus-data/blob/master/trends/data-by-day.csv,467,858,2.48,4.56
2021-05-30,2020-05-25,New York,1,18804000,https://github.com/nychealth/coronavirus-data/blob/master/trends/data-by-day.csv,465,796,2.47,4.23
2021-05-30,2020-05-26,New York,1,18804000,https://github.com/nychealth/coronavirus-data/blob/master/trends/data-by-day.csv,1053,803,5.6,4.27
2021-05-30,2020-05-27,New York,1,18804000,https://github.com/nychealth/coronavirus-data/blob/master/trends/data-by-day.csv,744,756,3.96,4.02
2021-05-30,2020-05-28,New York,1,18804000,https://github.com/nychealth/coronavirus-data/blob/master/trends/data-by-day.csv,646,695,3.44,3.7
2021-05-30,2020-05-29,New York,1,18804000,https://github.com/nychealth/coronavirus-data/blob/master/trends/data-by-day.csv,642,639,3.41,3.4
2021-05-30,2020-05-30,New York,1,18804000,https://github.com/nychealth/coronavirus-data/blob/master/trends/data-by-day.csv,348,624,1.85,3.32
2021-05-30,2020-05-31,New York,1,18804000,https://github.com/nychealth/coronavirus-data/blob/master/trends/data-by-day.csv,230,590,1.22,3.14
2021-05-30,2020-06-01,New York,1,18804000,https://github.com/nychealth/coronavirus-data/blob/master/trends/data-by-day.csv,686,621,3.65,3.3
2021-05-30,2020-06-02,New York,1,18804000,https://github.com/nychealth/coronavirus-data/blob/master/trends/data-by-day.csv,572,553,3.04,2.94
2021-05-30,2020-06-03,New York,1,18804000,https://github.com/nychealth/coronavirus-data/blob/master/trends/data-by-day.csv,514,520,2.73,2.76
2021-05-30,2020-06-04,New York,1,18804000,https://github.com/nychealth/coronavirus-data/blob/master/trends/data-by-day.csv,523,502,2.78,2.67
2021-05-30,2020-06-05,New York,1,18804000,https://github.com/nychealth/coronavirus-data/blob/master/trends/data-by-day.csv,403,468,2.14,2.49
2021-05-30,2020-06-06,New York,1,18804000,https://github.com/nychealth/coronavirus-data/blob/master/trends/data-by-day.csv,247,454,1.31,2.41
2021-05-30,2020-06-07,New York,1,18804000,https://github.com/nychealth/coronavirus-data/blob/master/trends/data-by-day.csv,197,449,1.05,2.39
2021-05-30,2020-06-08,New York,1,18804000,https://github.com/nychealth/coronavirus-data/blob/master/trends/data-by-day.csv,450,415,2.39,2.21
2021-05-30,2020-06-09,New York,1,18804000,https://github.com/nychealth/coronavirus-data/blob/master/trends/data-by-day.csv,421,394,2.24,2.09
2021-05-30,2020-06-10,New York,1,18804000,https://github.com/nychealth/coronavirus-data/blob/master/trends/data-by-day.csv,365,372,1.94,1.98
2021-05-30,2020-06-11,New York,1,18804000,https://github.com/nychealth/coronavirus-data/blob/master/trends/data-by-day.csv,365,350,1.94,1.86
2021-05-30,2020-06-12,New York,1,18804000,https://github.com/nychealth/coronavirus-data/blob/master/trends/data-by-day.csv,410,351,2.18,1.86
2021-05-30,2020-06-13,New York,1,18804000,https://github.com/nychealth/coronavirus-data/blob/master/trends/data-by-day.csv,196,343,1.04,1.83
2021-05-30,2020-06-14,New York,1,18804000,https://github.com/nychealth/coronavirus-data/blob/master/trends/data-by-day.csv,180,341,0.96,1.81
2021-05-30,2020-06-15,New York,1,18804000,https://github.com/nychealth/coronavirus-data/blob/master/trends/data-by-day.csv,381,331,2.03,1.76
2021-05-30,2020-06-16,New York,1,18804000,https://github.com/nychealth/coronavirus-data/blob/master/trends/data-by-day.csv,420,331,2.23,1.76
2021-05-30,2020-06-17,New York,1,18804000,https://github.com/nychealth/coronavirus-data/blob/master/trends/data-by-day.csv,356,330,1.89,1.75
2021-05-30,2020-06-18,New York,1,18804000,https://github.com/nychealth/coronavirus-data/blob/master/trends/data-by-day.csv,378,332,2.01,1.76
2021-05-30,2020-06-19,New York,1,18804000,https://github.com/nychealth/coronavirus-data/blob/master/trends/data-by-day.csv,362,325,1.93,1.73
2021-05-30,2020-06-20,New York,1,18804000,https://github.com/nychealth/coronavirus-data/blob/master/trends/data-by-day.csv,203,326,1.08,1.73
2021-05-30,2020-06-21,New York,1,18804000,https://github.com/nychealth/coronavirus-data/blob/master/trends/data-by-day.csv,172,325,0.91,1.73
2021-05-30,2020-06-22,New York,1,18804000,https://github.com/nychealth/coronavirus-data/blob/master/trends/data-by-day.csv,402,328,2.14,1.74
2021-05-30,2020-06-23,New York,1,18804000,https://github.com/nychealth/coronavirus-data/blob/master/trends/data-by-day.csv,382,322,2.03,1.71
2021-05-30,2020-06-24,New York,1,18804000,https://github.com/nychealth/coronavirus-data/blob/master/trends/data-by-day.csv,381,326,2.03,1.73
2021-05-30,2020-06-25,New York,1,18804000,https://github.com/nychealth/coronavirus-data/blob/master/trends/data-by-day.csv,299,314,1.59,1.67
2021-05-30,2020-06-26,New York,1,18804000,https://github.com/nychealth/coronavirus-data/blob/master/trends/data-by-day.csv,316,308,1.68,1.64
2021-05-30,2020-06-27,New York,1,18804000,https://github.com/nychealth/coronavirus-data/blob/master/trends/data-by-day.csv,206,308,1.1,1.64
2021-05-30,2020-06-28,New York,1,18804000,https://github.com/nychealth/coronavirus-data/blob/master/trends/data-by-day.csv,202,313,1.07,1.66
2021-05-30,2020-06-29,New York,1,18804000,https://github.com/nychealth/coronavirus-data/blob/master/trends/data-by-day.csv,437,318,2.32,1.69
2021-05-30,2020-06-30,New York,1,18804000,https://github.com/nychealth/coronavirus-data/blob/master/trends/data-by-day.csv,442,326,2.35,1.73
2021-05-30,2020-07-01,New York,1,18804000,https://github.com/nychealth/coronavirus-data/blob/master/trends/data-by-day.csv,396,328,2.11,1.75
2021-05-30,2020-07-02,New York,1,18804000,https://github.com/nychealth/coronavirus-data/blob/master/trends/data-by-day.csv,416,345,2.21,1.83
2021-05-30,2020-07-03,New York,1,18804000,https://github.com/nychealth/coronavirus-data/blob/master/trends/data-by-day.csv,235,333,1.25,1.77
2021-05-30,2020-07-04,New York,1,18804000,https://github.com/nychealth/coronavirus-data/blob/master/trends/data-by-day.csv,120,321,0.64,1.71
2021-05-30,2020-07-05,New York,1,18804000,https://github.com/nychealth/coronavirus-data/blob/master/trends/data-by-day.csv,154,314,0.82,1.67
2021-05-30,2020-07-06,New York,1,18804000,https://github.com/nychealth/coronavirus-data/blob/master/trends/data-by-day.csv,434,314,2.31,1.67
2021-05-30,2020-07-07,New York,1,18804000,https://github.com/nychealth/coronavirus-data/blob/master/trends/data-by-day.csv,461,317,2.45,1.68
2021-05-30,2020-07-08,New York,1,18804000,https://github.com/nychealth/coronavirus-data/blob/master/trends/data-by-day.csv,437,322,2.32,1.71
2021-05-30,2020-07-09,New York,1,18804000,https://github.com/nychealth/coronavirus-data/blob/master/trends/data-by-day.csv,393,319,2.09,1.7
2021-05-30,2020-07-10,New York,1,18804000,https://github.com/nychealth/coronavirus-data/blob/master/trends/data-by-day.csv,307,329,1.63,1.75
2021-05-30,2020-07-11,New York,1,18804000,https://github.com/nychealth/coronavirus-data/blob/master/trends/data-by-day.csv,259,349,1.38,1.86
2021-05-30,2020-07-12,New York,1,18804000,https://github.com/nychealth/coronavirus-data/blob/master/trends/data-by-day.csv,224,359,1.19,1.91
2021-05-30,2020-07-13,New York,1,18804000,https://github.com/nychealth/coronavirus-data/blob/master/trends/data-by-day.csv,483,366,2.57,1.95
2021-05-30,2020-07-14,New York,1,18804000,https://github.com/nychealth/coronavirus-data/blob/master/trends/data-by-day.csv,403,358,2.14,1.9
2021-05-30,2020-07-15,New York,1,18804000,https://github.com/nychealth/coronavirus-data/blob/master/trends/data-by-day.csv,439,358,2.33,1.9
2021-05-30,2020-07-16,New York,1,18804000,https://github.com/nychealth/coronavirus-data/blob/master/trends/data-by-day.csv,413,361,2.2,1.92
2021-05-30,2020-07-17,New York,1,18804000,https://github.com/nychealth/coronavirus-data/blob/master/trends/data-by-day.csv,417,377,2.22,2.0
2021-05-30,2020-07-18,New York,1,18804000,https://github.com/nychealth/coronavirus-data/blob/master/trends/data-by-day.csv,216,371,1.15,1.97
2021-05-30,2020-07-19,New York,1,18804000,https://github.com/nychealth/coronavirus-data/blob/master/trends/data-by-day.csv,176,364,0.94,1.94
2021-05-30,2020-07-20,New York,1,18804000,https://github.com/nychealth/coronavirus-data/blob/master/trends/data-by-day.csv,402,352,2.14,1.87
2021-05-30,2020-07-21,New York,1,18804000,https://github.com/nychealth/coronavirus-data/blob/master/trends/data-by-day.csv,340,343,1.81,1.83
2021-05-30,2020-07-22,New York,1,18804000,https://github.com/nychealth/coronavirus-data/blob/master/trends/data-by-day.csv,330,328,1.75,1.74
2021-05-30,2020-07-23,New York,1,18804000,https://github.com/nychealth/coronavirus-data/blob/master/trends/data-by-day.csv,308,313,1.64,1.66
2021-05-30,2020-07-24,New York,1,18804000,https://github.com/nychealth/coronavirus-data/blob/master/trends/data-by-day.csv,300,296,1.6,1.58
2021-05-30,2020-07-25,New York,1,18804000,https://github.com/nychealth/coronavirus-data/blob/master/trends/data-by-day.csv,153,287,0.81,1.53
2021-05-30,2020-07-26,New York,1,18804000,https://github.com/nychealth/coronavirus-data/blob/master/trends/data-by-day.csv,140,282,0.74,1.5
2021-05-30,2020-07-27,New York,1,18804000,https://github.com/nychealth/coronavirus-data/blob/master/trends/data-by-day.csv,314,269,1.67,1.43
2021-05-30,2020-07-28,New York,1,18804000,https://github.com/nychealth/coronavirus-data/blob/master/trends/data-by-day.csv,315,266,1.68,1.41
2021-05-30,2020-07-29,New York,1,18804000,https://github.com/nychealth/coronavirus-data/blob/master/trends/data-by-day.csv,289,260,1.54,1.38
2021-05-30,2020-07-30,New York,1,18804000,https://github.com/nychealth/coronavirus-data/blob/master/trends/data-by-day.csv,274,255,1.46,1.36
2021-05-30,2020-07-31,New York,1,18804000,https://github.com/nychealth/coronavirus-data/blob/master/trends/data-by-day.csv,263,250,1.4,1.33
2021-05-30,2020-08-01,New York,1,18804000,https://github.com/nychealth/coronavirus-data/blob/master/trends/data-by-day.csv,189,255,1.01,1.36
2021-05-30,2020-08-02,New York,1,18804000,https://github.com/nychealth/coronavirus-data/blob/master/trends/data-by-day.csv,138,255,0.73,1.36
2021-05-30,2020-08-03,New York,1,18804000,https://github.com/nychealth/coronavirus-data/blob/master/trends/data-by-day.csv,348,259,1.85,1.38
2021-05-30,2020-08-04,New York,1,18804000,https://github.com/nychealth/coronavirus-data/blob/master/trends/data-by-day.csv,187,241,0.99,1.28
2021-05-30,2020-08-05,New York,1,18804000,https://github.com/nychealth/coronavirus-data/blob/master/trends/data-by-day.csv,298,242,1.58,1.29
2021-05-30,2020-08-06,New York,1,18804000,https://github.com/nychealth/coronavirus-data/blob/master/trends/data-by-day.csv,290,245,1.54,1.3
2021-05-30,2020-08-07,New York,1,18804000,https://github.com/nychealth/coronavirus-data/blob/master/trends/data-by-day.csv,255,244,1.36,1.29
2021-05-30,2020-08-08,New York,1,18804000,https://github.com/nychealth/coronavirus-data/blob/master/trends/data-by-day.csv,161,240,0.86,1.27
2021-05-30,2020-08-09,New York,1,18804000,https://github.com/nychealth/coronavirus-data/blob/master/trends/data-by-day.csv,133,239,0.71,1.27
2021-05-30,2020-08-10,New York,1,18804000,https://github.com/nychealth/coronavirus-data/blob/master/trends/data-by-day.csv,311,234,1.65,1.24
2021-05-30,2020-08-11,New York,1,18804000,https://github.com/nychealth/coronavirus-data/blob/master/trends/data-by-day.csv,264,245,1.4,1.3
2021-05-30,2020-08-12,New York,1,18804000,https://github.com/nychealth/coronavirus-data/blob/master/trends/data-by-day.csv,320,248,1.7,1.32
2021-05-30,2020-08-13,New York,1,18804000,https://github.com/nychealth/coronavirus-data/blob/master/trends/data-by-day.csv,277,246,1.47,1.31
2021-05-30,2020-08-14,New York,1,18804000,https://github.com/nychealth/coronavirus-data/blob/master/trends/data-by-day.csv,277,249,1.47,1.32
2021-05-30,2020-08-15,New York,1,18804000,https://github.com/nychealth/coronavirus-data/blob/master/trends/data-by-day.csv,151,248,0.8,1.31
2021-05-30,2020-08-16,New York,1,18804000,https://github.com/nychealth/coronavirus-data/blob/master/trends/data-by-day.csv,140,249,0.74,1.32
2021-05-30,2020-08-17,New York,1,18804000,https://github.com/nychealth/coronavirus-data/blob/master/trends/data-by-day.csv,333,252,1.77,1.34
2021-05-30,2020-08-18,New York,1,18804000,https://github.com/nychealth/coronavirus-data/blob/master/trends/data-by-day.csv,285,255,1.52,1.35
2021-05-30,2020-08-19,New York,1,18804000,https://github.com/nychealth/coronavirus-data/blob/master/trends/data-by-day.csv,257,246,1.37,1.31
2021-05-30,2020-08-20,New York,1,18804000,https://github.com/nychealth/coronavirus-data/blob/master/trends/data-by-day.csv,227,239,1.21,1.27
2021-05-30,2020-08-21,New York,1,18804000,https://github.com/nychealth/coronavirus-data/blob/master/trends/data-by-day.csv,252,235,1.34,1.25
2021-05-30,2020-08-22,New York,1,18804000,https://github.com/nychealth/coronavirus-data/blob/master/trends/data-by-day.csv,136,233,0.72,1.24
2021-05-30,2020-08-23,New York,1,18804000,https://github.com/nychealth/coronavirus-data/blob/master/trends/data-by-day.csv,150,234,0.8,1.25
2021-05-30,2020-08-24,New York,1,18804000,https://github.com/nychealth/coronavirus-data/blob/master/trends/data-by-day.csv,298,229,1.58,1.22
2021-05-30,2020-08-25,New York,1,18804000,https://github.com/nychealth/coronavirus-data/blob/master/trends/data-by-day.csv,283,229,1.5,1.22
2021-05-30,2020-08-26,New York,1,18804000,https://github.com/nychealth/coronavirus-data/blob/master/trends/data-by-day.csv,313,237,1.66,1.26
2021-05-30,2020-08-27,New York,1,18804000,https://github.com/nychealth/coronavirus-data/blob/master/trends/data-by-day.csv,273,244,1.45,1.29
2021-05-30,2020-08-28,New York,1,18804000,https://github.com/nychealth/coronavirus-data/blob/master/trends/data-by-day.csv,279,247,1.48,1.31
2021-05-30,2020-08-29,New York,1,18804000,https://github.com/nychealth/coronavirus-data/blob/master/trends/data-by-day.csv,128,246,0.68,1.31
2021-05-30,2020-08-30,New York,1,18804000,https://github.com/nychealth/coronavirus-data/blob/master/trends/data-by-day.csv,186,251,0.99,1.33
2021-05-30,2020-08-31,New York,1,18804000,https://github.com/nychealth/coronavirus-data/blob/master/trends/data-by-day.csv,315,254,1.68,1.35
2021-05-30,2020-09-01,New York,1,18804000,https://github.com/nychealth/coronavirus-data/blob/master/trends/data-by-day.csv,295,256,1.57,1.36
2021-05-30,2020-09-02,New York,1,18804000,https://github.com/nychealth/coronavirus-data/blob/master/trends/data-by-day.csv,271,250,1.44,1.33
2021-05-30,2020-09-03,New York,1,18804000,https://github.com/nychealth/coronavirus-data/blob/master/trends/data-by-day.csv,273,250,1.45,1.33
2021-05-30,2020-09-04,New York,1,18804000,https://github.com/nychealth/coronavirus-data/blob/master/trends/data-by-day.csv,230,243,1.22,1.29
2021-05-30,2020-09-05,New York,1,18804000,https://github.com/nychealth/coronavirus-data/blob/master/trends/data-by-day.csv,156,247,0.83,1.31
2021-05-30,2020-09-06,New York,1,18804000,https://github.com/nychealth/coronavirus-data/blob/master/trends/data-by-day.csv,207,250,1.1,1.33
2021-05-30,2020-09-07,New York,1,18804000,https://github.com/nychealth/coronavirus-data/blob/master/trends/data-by-day.csv,218,236,1.16,1.25
2021-05-30,2020-09-08,New York,1,18804000,https://github.com/nychealth/coronavirus-data/blob/master/trends/data-by-day.csv,395,250,2.1,1.33
2021-05-30,2020-09-09,New York,1,18804000,https://github.com/nychealth/coronavirus-data/blob/master/trends/data-by-day.csv,352,262,1.87,1.39
2021-05-30,2020-09-10,New York,1,18804000,https://github.com/nychealth/coronavirus-data/blob/master/trends/data-by-day.csv,323,269,1.72,1.43
2021-05-30,2020-09-11,New York,1,18804000,https://github.com/nychealth/coronavirus-data/blob/master/trends/data-by-day.csv,313,281,1.66,1.49
2021-05-30,2020-09-12,New York,1,18804000,https://github.com/nychealth/coronavirus-data/blob/master/trends/data-by-day.csv,202,287,1.07,1.53
2021-05-30,2020-09-13,New York,1,18804000,https://github.com/nychealth/coronavirus-data/blob/master/trends/data-by-day.csv,255,294,1.36,1.56
2021-05-30,2020-09-14,New York,1,18804000,https://github.com/nychealth/coronavirus-data/blob/master/trends/data-by-day.csv,434,325,2.31,1.73
2021-05-30,2020-09-15,New York,1,18804000,https://github.com/nychealth/coronavirus-data/blob/master/trends/data-by-day.csv,338,317,1.8,1.68
2021-05-30,2020-09-16,New York,1,18804000,https://github.com/nychealth/coronavirus-data/blob/master/trends/data-by-day.csv,367,319,1.95,1.7
2021-05-30,2020-09-17,New York,1,18804000,https://github.com/nychealth/coronavirus-data/blob/master/trends/data-by-day.csv,353,323,1.88,1.72
2021-05-30,2020-09-18,New York,1,18804000,https://github.com/nychealth/coronavirus-data/blob/master/trends/data-by-day.csv,283,319,1.5,1.7
2021-05-30,2020-09-19,New York,1,18804000,https://github.com/nychealth/coronavirus-data/blob/master/trends/data-by-day.csv,158,313,0.84,1.66
2021-05-30,2020-09-20,New York,1,18804000,https://github.com/nychealth/coronavirus-data/blob/master/trends/data-by-day.csv,158,299,0.84,1.59
2021-05-30,2020-09-21,New York,1,18804000,https://github.com/nychealth/coronavirus-data/blob/master/trends/data-by-day.csv,513,310,2.73,1.65
2021-05-30,2020-09-22,New York,1,18804000,https://github.com/nychealth/coronavirus-data/blob/master/trends/data-by-day.csv,405,320,2.15,1.7
2021-05-30,2020-09-23,New York,1,18804000,https://github.com/nychealth/coronavirus-data/blob/master/trends/data-by-day.csv,531,343,2.82,1.82
2021-05-30,2020-09-24,New York,1,18804000,https://github.com/nychealth/coronavirus-data/blob/master/trends/data-by-day.csv,476,361,2.53,1.92
2021-05-30,2020-09-25,New York,1,18804000,https://github.com/nychealth/coronavirus-data/blob/master/trends/data-by-day.csv,456,385,2.43,2.05
2021-05-30,2020-09-26,New York,1,18804000,https://github.com/nychealth/coronavirus-data/blob/master/trends/data-by-day.csv,279,403,1.48,2.14
2021-05-30,2020-09-27,New York,1,18804000,https://github.com/nychealth/coronavirus-data/blob/master/trends/data-by-day.csv,382,435,2.03,2.31
2021-05-30,2020-09-28,New York,1,18804000,https://github.com/nychealth/coronavirus-data/blob/master/trends/data-by-day.csv,436,424,2.32,2.25
2021-05-30,2020-09-29,New York,1,18804000,https://github.com/nychealth/coronavirus-data/blob/master/trends/data-by-day.csv,686,464,3.65,2.47
2021-05-30,2020-09-30,New York,1,18804000,https://github.com/nychealth/coronavirus-data/blob/master/trends/data-by-day.csv,584,471,3.11,2.51
2021-05-30,2020-10-01,New York,1,18804000,https://github.com/nychealth/coronavirus-data/blob/master/trends/data-by-day.csv,614,491,3.27,2.61
2021-05-30,2020-10-02,New York,1,18804000,https://github.com/nychealth/coronavirus-data/blob/master/trends/data-by-day.csv,597,511,3.17,2.72
2021-05-30,2020-10-03,New York,1,18804000,https://github.com/nychealth/coronavirus-data/blob/master/trends/data-by-day.csv,277,511,1.47,2.72
2021-05-30,2020-10-04,New York,1,18804000,https://github.com/nychealth/coronavirus-data/blob/master/trends/data-by-day.csv,335,504,1.78,2.68
2021-05-30,2020-10-05,New York,1,18804000,https://github.com/nychealth/coronavirus-data/blob/master/trends/data-by-day.csv,763,551,4.06,2.93
2021-05-30,2020-10-06,New York,1,18804000,https://github.com/nychealth/coronavirus-data/blob/master/trends/data-by-day.csv,571,534,3.04,2.84
2021-05-30,2020-10-07,New York,1,18804000,https://github.com/nychealth/coronavirus-data/blob/master/trends/data-by-day.csv,542,528,2.88,2.81
2021-05-30,2020-10-08,New York,1,18804000,https://github.com/nychealth/coronavirus-data/blob/master/trends/data-by-day.csv,523,515,2.78,2.74
2021-05-30,2020-10-09,New York,1,18804000,https://github.com/nychealth/coronavirus-data/blob/master/trends/data-by-day.csv,524,505,2.79,2.69
2021-05-30,2020-10-10,New York,1,18804000,https://github.com/nychealth/coronavirus-data/blob/master/trends/data-by-day.csv,313,510,1.66,2.71
2021-05-30,2020-10-11,New York,1,18804000,https://github.com/nychealth/coronavirus-data/blob/master/trends/data-by-day.csv,281,502,1.49,2.67
2021-05-30,2020-10-12,New York,1,18804000,https://github.com/nychealth/coronavirus-data/blob/master/trends/data-by-day.csv,515,467,2.74,2.48
2021-05-30,2020-10-13,New York,1,18804000,https://github.com/nychealth/coronavirus-data/blob/master/trends/data-by-day.csv,589,470,3.13,2.5
2021-05-30,2020-10-14,New York,1,18804000,https://github.com/nychealth/coronavirus-data/blob/master/trends/data-by-day.csv,581,475,3.09,2.53
2021-05-30,2020-10-15,New York,1,18804000,https://github.com/nychealth/coronavirus-data/blob/master/trends/data-by-day.csv,600,486,3.19,2.58
2021-05-30,2020-10-16,New York,1,18804000,https://github.com/nychealth/coronavirus-data/blob/master/trends/data-by-day.csv,503,483,2.67,2.57
2021-05-30,2020-10-17,New York,1,18804000,https://github.com/nychealth/coronavirus-data/blob/master/trends/data-by-day.csv,366,491,1.95,2.61
2021-05-30,2020-10-18,New York,1,18804000,https://github.com/nychealth/coronavirus-data/blob/master/trends/data-by-day.csv,411,509,2.19,2.71
2021-05-30,2020-10-19,New York,1,18804000,https://github.com/nychealth/coronavirus-data/blob/master/trends/data-by-day.csv,626,525,3.33,2.79
2021-05-30,2020-10-20,New York,1,18804000,https://github.com/nychealth/coronavirus-data/blob/master/trends/data-by-day.csv,601,527,3.2,2.8
2021-05-30,2020-10-21,New York,1,18804000,https://github.com/nychealth/coronavirus-data/blob/master/trends/data-by-day.csv,653,537,3.47,2.86
2021-05-30,2020-10-22,New York,1,18804000,https://github.com/nychealth/coronavirus-data/blob/master/trends/data-by-day.csv,758,560,4.03,2.98
2021-05-30,2020-10-23,New York,1,18804000,https://github.com/nychealth/coronavirus-data/blob/master/trends/data-by-day.csv,602,574,3.2,3.05
2021-05-30,2020-10-24,New York,1,18804000,https://github.com/nychealth/coronavirus-data/blob/master/trends/data-by-day.csv,385,577,2.05,3.07
2021-05-30,2020-10-25,New York,1,18804000,https://github.com/nychealth/coronavirus-data/blob/master/trends/data-by-day.csv,362,570,1.93,3.03
2021-05-30,2020-10-26,New York,1,18804000,https://github.com/nychealth/coronavirus-data/blob/master/trends/data-by-day.csv,695,579,3.7,3.08
2021-05-30,2020-10-27,New York,1,18804000,https://github.com/nychealth/coronavirus-data/blob/master/trends/data-by-day.csv,740,599,3.94,3.19
2021-05-30,2020-10-28,New York,1,18804000,https://github.com/nychealth/coronavirus-data/blob/master/trends/data-by-day.csv,784,618,4.17,3.29
2021-05-30,2020-10-29,New York,1,18804000,https://github.com/nychealth/coronavirus-data/blob/master/trends/data-by-day.csv,620,598,3.3,3.18
2021-05-30,2020-10-30,New York,1,18804000,https://github.com/nychealth/coronavirus-data/blob/master/trends/data-by-day.csv,653,606,3.47,3.22
2021-05-30,2020-10-31,New York,1,18804000,https://github.com/nychealth/coronavirus-data/blob/master/trends/data-by-day.csv,404,608,2.15,3.24
2021-05-30,2020-11-01,New York,1,18804000,https://github.com/nychealth/coronavirus-data/blob/master/trends/data-by-day.csv,500,628,2.66,3.34
2021-05-30,2020-11-02,New York,1,18804000,https://github.com/nychealth/coronavirus-data/blob/master/trends/data-by-day.csv,952,665,5.06,3.54
2021-05-30,2020-11-03,New York,1,18804000,https://github.com/nychealth/coronavirus-data/blob/master/trends/data-by-day.csv,903,688,4.8,3.66
2021-05-30,2020-11-04,New York,1,18804000,https://github.com/nychealth/coronavirus-data/blob/master/trends/data-by-day.csv,1111,735,5.91,3.91
2021-05-30,2020-11-05,New York,1,18804000,https://github.com/nychealth/coronavirus-data/blob/master/trends/data-by-day.csv,1140,809,6.06,4.3
2021-05-30,2020-11-06,New York,1,18804000,https://github.com/nychealth/coronavirus-data/blob/master/trends/data-by-day.csv,1035,864,5.5,4.59
2021-05-30,2020-11-07,New York,1,18804000,https://github.com/nychealth/coronavirus-data/blob/master/trends/data-by-day.csv,843,926,4.48,4.92
2021-05-30,2020-11-08,New York,1,18804000,https://github.com/nychealth/coronavirus-data/blob/master/trends/data-by-day.csv,789,968,4.2,5.14
2021-05-30,2020-11-09,New York,1,18804000,https://github.com/nychealth/coronavirus-data/blob/master/trends/data-by-day.csv,1544,1052,8.21,5.59
2021-05-30,2020-11-10,New York,1,18804000,https://github.com/nychealth/coronavirus-data/blob/master/trends/data-by-day.csv,1594,1151,8.48,6.12
2021-05-30,2020-11-11,New York,1,18804000,https://github.com/nychealth/coronavirus-data/blob/master/trends/data-by-day.csv,1538,1212,8.18,6.44
2021-05-30,2020-11-12,New York,1,18804000,https://github.com/nychealth/coronavirus-data/blob/master/trends/data-by-day.csv,1501,1263,7.98,6.72
2021-05-30,2020-11-13,New York,1,18804000,https://github.com/nychealth/coronavirus-data/blob/master/trends/data-by-day.csv,1495,1329,7.95,7.07
2021-05-30,2020-11-14,New York,1,18804000,https://github.com/nychealth/coronavirus-data/blob/master/trends/data-by-day.csv,1026,1355,5.46,7.21
2021-05-30,2020-11-15,New York,1,18804000,https://github.com/nychealth/coronavirus-data/blob/master/trends/data-by-day.csv,896,1371,4.76,7.29
2021-05-30,2020-11-16,New York,1,18804000,https://github.com/nychealth/coronavirus-data/blob/master/trends/data-by-day.csv,1832,1412,9.74,7.51
2021-05-30,2020-11-17,New York,1,18804000,https://github.com/nychealth/coronavirus-data/blob/master/trends/data-by-day.csv,1728,1431,9.19,7.61
2021-05-30,2020-11-18,New York,1,18804000,https://github.com/nychealth/coronavirus-data/blob/master/trends/data-by-day.csv,1752,1461,9.32,7.77
2021-05-30,2020-11-19,New York,1,18804000,https://github.com/nychealth/coronavirus-data/blob/master/trends/data-by-day.csv,1856,1512,9.87,8.04
2021-05-30,2020-11-20,New York,1,18804000,https://github.com/nychealth/coronavirus-data/blob/master/trends/data-by-day.csv,1772,1552,9.42,8.25
2021-05-30,2020-11-21,New York,1,18804000,https://github.com/nychealth/coronavirus-data/blob/master/trends/data-by-day.csv,1290,1589,6.86,8.45
2021-05-30,2020-11-22,New York,1,18804000,https://github.com/nychealth/coronavirus-data/blob/master/trends/data-by-day.csv,1147,1625,6.1,8.64
2021-05-30,2020-11-23,New York,1,18804000,https://github.com/nychealth/coronavirus-data/blob/master/trends/data-by-day.csv,2315,1694,12.31,9.01
2021-05-30,2020-11-24,New York,1,18804000,https://github.com/nychealth/coronavirus-data/blob/master/trends/data-by-day.csv,2072,1743,11.02,9.27
2021-05-30,2020-11-25,New York,1,18804000,https://github.com/nychealth/coronavirus-data/blob/master/trends/data-by-day.csv,2368,1831,12.59,9.74
2021-05-30,2020-11-26,New York,1,18804000,https://github.com/nychealth/coronavirus-data/blob/master/trends/data-by-day.csv,808,1682,4.3,8.94
2021-05-30,2020-11-27,New York,1,18804000,https://github.com/nychealth/coronavirus-data/blob/master/trends/data-by-day.csv,2300,1757,12.23,9.34
2021-05-30,2020-11-28,New York,1,18804000,https://github.com/nychealth/coronavirus-data/blob/master/trends/data-by-day.csv,1786,1828,9.5,9.72
2021-05-30,2020-11-29,New York,1,18804000,https://github.com/nychealth/coronavirus-data/blob/master/trends/data-by-day.csv,1729,1911,9.19,10.16
2021-05-30,2020-11-30,New York,1,18804000,https://github.com/nychealth/coronavirus-data/blob/master/trends/data-by-day.csv,2802,1981,14.9,10.53
2021-05-30,2020-12-01,New York,1,18804000,https://github.com/nychealth/coronavirus-data/blob/master/trends/data-by-day.csv,3142,2134,16.71,11.35
2021-05-30,2020-12-02,New York,1,18804000,https://github.com/nychealth/coronavirus-data/blob/master/trends/data-by-day.csv,3007,2225,15.99,11.83
2021-05-30,2020-12-03,New York,1,18804000,https://github.com/nychealth/coronavirus-data/blob/master/trends/data-by-day.csv,2883,2521,15.33,13.41
2021-05-30,2020-12-04,New York,1,18804000,https://github.com/nychealth/coronavirus-data/blob/master/trends/data-by-day.csv,2810,2594,14.94,13.79
2021-05-30,2020-12-05,New York,1,18804000,https://github.com/nychealth/coronavirus-data/blob/master/trends/data-by-day.csv,1881,2608,10.0,13.87
2021-05-30,2020-12-06,New York,1,18804000,https://github.com/nychealth/coronavirus-data/blob/master/trends/data-by-day.csv,1753,2611,9.32,13.88
2021-05-30,2020-12-07,New York,1,18804000,https://github.com/nychealth/coronavirus-data/blob/master/trends/data-by-day.csv,3309,2684,17.6,14.27
2021-05-30,2020-12-08,New York,1,18804000,https://github.com/nychealth/coronavirus-data/blob/master/trends/data-by-day.csv,3066,2673,16.31,14.21
2021-05-30,2020-12-09,New York,1,18804000,https://github.com/nychealth/coronavirus-data/blob/master/trends/data-by-day.csv,3108,2687,16.53,14.29
2021-05-30,2020-12-10,New York,1,18804000,https://github.com/nychealth/coronavirus-data/blob/master/trends/data-by-day.csv,3149,2725,16.75,14.49
2021-05-30,2020-12-11,New York,1,18804000,https://github.com/nychealth/coronavirus-data/blob/master/trends/data-by-day.csv,2981,2750,15.85,14.62
2021-05-30,2020-12-12,New York,1,18804000,https://github.com/nychealth/coronavirus-data/blob/master/trends/data-by-day.csv,2202,2795,11.71,14.87
2021-05-30,2020-12-13,New York,1,18804000,https://github.com/nychealth/coronavirus-data/blob/master/trends/data-by-day.csv,2177,2856,11.58,15.19
2021-05-30,2020-12-14,New York,1,18804000,https://github.com/nychealth/coronavirus-data/blob/master/trends/data-by-day.csv,3578,2894,19.03,15.39
2021-05-30,2020-12-15,New York,1,18804000,https://github.com/nychealth/coronavirus-data/blob/master/trends/data-by-day.csv,3669,2981,19.51,15.85
2021-05-30,2020-12-16,New York,1,18804000,https://github.com/nychealth/coronavirus-data/blob/master/trends/data-by-day.csv,2785,2934,14.81,15.61
2021-05-30,2020-12-17,New York,1,18804000,https://github.com/nychealth/coronavirus-data/blob/master/trends/data-by-day.csv,1925,2760,10.24,14.68
2021-05-30,2020-12-18,New York,1,18804000,https://github.com/nychealth/coronavirus-data/blob/master/trends/data-by-day.csv,3430,2824,18.24,15.02
2021-05-30,2020-12-19,New York,1,18804000,https://github.com/nychealth/coronavirus-data/blob/master/trends/data-by-day.csv,2558,2875,13.6,15.29
2021-05-30,2020-12-20,New York,1,18804000,https://github.com/nychealth/coronavirus-data/blob/master/trends/data-by-day.csv,2351,2899,12.5,15.42
2021-05-30,2020-12-21,New York,1,18804000,https://github.com/nychealth/coronavirus-data/blob/master/trends/data-by-day.csv,4341,3008,23.09,16.0
2021-05-30,2020-12-22,New York,1,18804000,https://github.com/nychealth/coronavirus-data/blob/master/trends/data-by-day.csv,4101,3070,21.81,16.33
2021-05-30,2020-12-23,New York,1,18804000,https://github.com/nychealth/coronavirus-data/blob/master/trends/data-by-day.csv,3845,3222,20.45,17.13
2021-05-30,2020-12-24,New York,1,18804000,https://github.com/nychealth/coronavirus-data/blob/master/trends/data-by-day.csv,3018,3378,16.05,17.96
2021-05-30,2020-12-25,New York,1,18804000,https://github.com/nychealth/coronavirus-data/blob/master/trends/data-by-day.csv,1049,3038,5.58,16.15
2021-05-30,2020-12-26,New York,1,18804000,https://github.com/nychealth/coronavirus-data/blob/master/trends/data-by-day.csv,3449,3165,18.34,16.83
2021-05-30,2020-12-27,New York,1,18804000,https://github.com/nychealth/coronavirus-data/blob/master/trends/data-by-day.csv,2885,3241,15.34,17.24
2021-05-30,2020-12-28,New York,1,18804000,https://github.com/nychealth/coronavirus-data/blob/master/trends/data-by-day.csv,5384,3390,28.63,18.03
2021-05-30,2020-12-29,New York,1,18804000,https://github.com/nychealth/coronavirus-data/blob/master/trends/data-by-day.csv,5210,3549,27.71,18.87
2021-05-30,2020-12-30,New York,1,18804000,https://github.com/nychealth/coronavirus-data/blob/master/trends/data-by-day.csv,4975,3710,26.46,19.73
2021-05-30,2020-12-31,New York,1,18804000,https://github.com/nychealth/coronavirus-data/blob/master/trends/data-by-day.csv,3386,3763,18.01,20.01
2021-05-30,2021-01-01,New York,1,18804000,https://github.com/nychealth/coronavirus-data/blob/master/trends/data-by-day.csv,1329,3803,7.07,20.22
2021-05-30,2021-01-02,New York,1,18804000,https://github.com/nychealth/coronavirus-data/blob/master/trends/data-by-day.csv,4195,3909,22.31,20.79
2021-05-30,2021-01-03,New York,1,18804000,https://github.com/nychealth/coronavirus-data/blob/master/trends/data-by-day.csv,3449,3990,18.34,21.22
2021-05-30,2021-01-04,New York,1,18804000,https://github.com/nychealth/coronavirus-data/blob/master/trends/data-by-day.csv,6578,4160,34.98,22.13
2021-05-30,2021-01-05,New York,1,18804000,https://github.com/nychealth/coronavirus-data/blob/master/trends/data-by-day.csv,6142,4293,32.66,22.83
2021-05-30,2021-01-06,New York,1,18804000,https://github.com/nychealth/coronavirus-data/blob/master/trends/data-by-day.csv,5666,4392,30.13,23.36
2021-05-30,2021-01-07,New York,1,18804000,https://github.com/nychealth/coronavirus-data/blob/master/trends/data-by-day.csv,5409,4681,28.77,24.89
2021-05-30,2021-01-08,New York,1,18804000,https://github.com/nychealth/coronavirus-data/blob/master/trends/data-by-day.csv,5299,5248,28.18,27.91
2021-05-30,2021-01-09,New York,1,18804000,https://github.com/nychealth/coronavirus-data/blob/master/trends/data-by-day.csv,3691,5176,19.63,27.53
2021-05-30,2021-01-10,New York,1,18804000,https://github.com/nychealth/coronavirus-data/blob/master/trends/data-by-day.csv,3198,5140,17.01,27.34
2021-05-30,2021-01-11,New York,1,18804000,https://github.com/nychealth/coronavirus-data/blob/master/trends/data-by-day.csv,5898,5043,31.37,26.82
2021-05-30,2021-01-12,New York,1,18804000,https://github.com/nychealth/coronavirus-data/blob/master/trends/data-by-day.csv,5226,4912,27.79,26.13
2021-05-30,2021-01-13,New York,1,18804000,https://github.com/nychealth/coronavirus-data/blob/master/trends/data-by-day.csv,5167,4841,27.48,25.75
2021-05-30,2021-01-14,New York,1,18804000,https://github.com/nychealth/coronavirus-data/blob/master/trends/data-by-day.csv,5253,4819,27.94,25.63
2021-05-30,2021-01-15,New York,1,18804000,https://github.com/nychealth/coronavirus-data/blob/master/trends/data-by-day.csv,4798,4747,25.52,25.25
2021-05-30,2021-01-16,New York,1,18804000,https://github.com/nychealth/coronavirus-data/blob/master/trends/data-by-day.csv,3477,4717,18.49,25.09
2021-05-30,2021-01-17,New York,1,18804000,https://github.com/nychealth/coronavirus-data/blob/master/trends/data-by-day.csv,2903,4675,15.44,24.86
2021-05-30,2021-01-18,New York,1,18804000,https://github.com/nychealth/coronavirus-data/blob/master/trends/data-by-day.csv,4632,4494,24.63,23.9
2021-05-30,2021-01-19,New York,1,18804000,https://github.com/nychealth/coronavirus-data/blob/master/trends/data-by-day.csv,5133,4480,27.3,23.83
2021-05-30,2021-01-20,New York,1,18804000,https://github.com/nychealth/coronavirus-data/blob/master/trends/data-by-day.csv,4912,4444,26.12,23.63
2021-05-30,2021-01-21,New York,1,18804000,https://github.com/nychealth/coronavirus-data/blob/master/trends/data-by-day.csv,4923,4397,26.18,23.38
2021-05-30,2021-01-22,New York,1,18804000,https://github.com/nychealth/coronavirus-data/blob/master/trends/data-by-day.csv,4698,4383,24.98,23.31
2021-05-30,2021-01-23,New York,1,18804000,https://github.com/nychealth/coronavirus-data/blob/master/trends/data-by-day.csv,3278,4354,17.43,23.15
2021-05-30,2021-01-24,New York,1,18804000,https://github.com/nychealth/coronavirus-data/blob/master/trends/data-by-day.csv,2852,4347,15.17,23.12
2021-05-30,2021-01-25,New York,1,18804000,https://github.com/nychealth/coronavirus-data/blob/master/trends/data-by-day.csv,5659,4494,30.09,23.9
2021-05-30,2021-01-26,New York,1,18804000,https://github.com/nychealth/coronavirus-data/blob/master/trends/data-by-day.csv,4703,4432,25.01,23.57
2021-05-30,2021-01-27,New York,1,18804000,https://github.com/nychealth/coronavirus-data/blob/master/trends/data-by-day.csv,4787,4414,25.46,23.47
2021-05-30,2021-01-28,New York,1,18804000,https://github.com/nychealth/coronavirus-data/blob/master/trends/data-by-day.csv,4678,4379,24.88,23.29
2021-05-30,2021-01-29,New York,1,18804000,https://github.com/nychealth/coronavirus-data/blob/master/trends/data-by-day.csv,3679,4234,19.56,22.51
2021-05-30,2021-01-30,New York,1,18804000,https://github.com/nychealth/coronavirus-data/blob/master/trends/data-by-day.csv,2858,4174,15.2,22.2
2021-05-30,2021-01-31,New York,1,18804000,https://github.com/nychealth/coronavirus-data/blob/master/trends/data-by-day.csv,2890,4179,15.37,22.22
2021-05-30,2021-02-01,New York,1,18804000,https://github.com/nychealth/coronavirus-data/blob/master/trends/data-by-day.csv,977,3510,5.2,18.67
2021-05-30,2021-02-02,New York,1,18804000,https://github.com/nychealth/coronavirus-data/blob/master/trends/data-by-day.csv,2665,3219,14.17,17.12
2021-05-30,2021-02-03,New York,1,18804000,https://github.com/nychealth/coronavirus-data/blob/master/trends/data-by-day.csv,5139,3269,27.33,17.39
2021-05-30,2021-02-04,New York,1,18804000,https://github.com/nychealth/coronavirus-data/blob/master/trends/data-by-day.csv,4860,3295,25.85,17.53
2021-05-30,2021-02-05,New York,1,18804000,https://github.com/nychealth/coronavirus-data/blob/master/trends/data-by-day.csv,4159,3364,22.12,17.89
2021-05-30,2021-02-06,New York,1,18804000,https://github.com/nychealth/coronavirus-data/blob/master/trends/data-by-day.csv,3084,3396,16.4,18.06
2021-05-30,2021-02-07,New York,1,18804000,https://github.com/nychealth/coronavirus-data/blob/master/trends/data-by-day.csv,1650,3219,8.77,17.12
2021-05-30,2021-02-08,New York,1,18804000,https://github.com/nychealth/coronavirus-data/blob/master/trends/data-by-day.csv,4436,3713,23.59,19.75
2021-05-30,2021-02-09,New York,1,18804000,https://github.com/nychealth/coronavirus-data/blob/master/trends/data-by-day.csv,3733,3866,19.85,20.56
2021-05-30,2021-02-10,New York,1,18804000,https://github.com/nychealth/coronavirus-data/blob/master/trends/data-by-day.csv,3778,3671,20.09,19.52
2021-05-30,2021-02-11,New York,1,18804000,https://github.com/nychealth/coronavirus-data/blob/master/trends/data-by-day.csv,3420,3466,18.19,18.43
2021-05-30,2021-02-12,New York,1,18804000,https://github.com/nychealth/coronavirus-data/blob/master/trends/data-by-day.csv,3321,3346,17.66,17.79
2021-05-30,2021-02-13,New York,1,18804000,https://github.com/nychealth/coronavirus-data/blob/master/trends/data-by-day.csv,2205,3220,11.73,17.13
2021-05-30,2021-02-14,New York,1,18804000,https://github.com/nychealth/coronavirus-data/blob/master/trends/data-by-day.csv,1897,3256,10.09,17.31
2021-05-30,2021-02-15,New York,1,18804000,https://github.com/nychealth/coronavirus-data/blob/master/trends/data-by-day.csv,2851,3029,15.16,16.11
2021-05-30,2021-02-16,New York,1,18804000,https://github.com/nychealth/coronavirus-data/blob/master/trends/data-by-day.csv,3723,3028,19.8,16.1
2021-05-30,2021-02-17,New York,1,18804000,https://github.com/nychealth/coronavirus-data/blob/master/trends/data-by-day.csv,3440,2980,18.29,15.85
2021-05-30,2021-02-18,New York,1,18804000,https://github.com/nychealth/coronavirus-data/blob/master/trends/data-by-day.csv,2046,2783,10.88,14.8
2021-05-30,2021-02-19,New York,1,18804000,https://github.com/nychealth/coronavirus-data/blob/master/trends/data-by-day.csv,3024,2741,16.08,14.58
2021-05-30,2021-02-20,New York,1,18804000,https://github.com/nychealth/coronavirus-data/blob/master/trends/data-by-day.csv,2497,2783,13.28,14.8
2021-05-30,2021-02-21,New York,1,18804000,https://github.com/nychealth/coronavirus-data/blob/master/trends/data-by-day.csv,2280,2837,12.13,15.09
2021-05-30,2021-02-22,New York,1,18804000,https://github.com/nychealth/coronavirus-data/blob/master/trends/data-by-day.csv,3619,2947,19.25,15.67
2021-05-30,2021-02-23,New York,1,18804000,https://github.com/nychealth/coronavirus-data/blob/master/trends/data-by-day.csv,3475,2912,18.48,15.48
2021-05-30,2021-02-24,New York,1,18804000,https://github.com/nychealth/coronavirus-data/blob/master/trends/data-by-day.csv,3461,2915,18.41,15.5
2021-05-30,2021-02-25,New York,1,18804000,https://github.com/nychealth/coronavirus-data/blob/master/trends/data-by-day.csv,3482,3120,18.52,16.59
2021-05-30,2021-02-26,New York,1,18804000,https://github.com/nychealth/coronavirus-data/blob/master/trends/data-by-day.csv,3243,3151,17.25,16.76
2021-05-30,2021-02-27,New York,1,18804000,https://github.com/nychealth/coronavirus-data/blob/master/trends/data-by-day.csv,2011,3082,10.69,16.39
2021-05-30,2021-02-28,New York,1,18804000,https://github.com/nychealth/coronavirus-data/blob/master/trends/data-by-day.csv,2038,3047,10.84,16.21
2021-05-30,2021-03-01,New York,1,18804000,https://github.com/nychealth/coronavirus-data/blob/master/trends/data-by-day.csv,3728,3063,19.83,16.29
2021-05-30,2021-03-02,New York,1,18804000,https://github.com/nychealth/coronavirus-data/blob/master/trends/data-by-day.csv,3111,3011,16.54,16.01
2021-05-30,2021-03-03,New York,1,18804000,https://github.com/nychealth/coronavirus-data/blob/master/trends/data-by-day.csv,3242,2979,17.24,15.84
2021-05-30,2021-03-04,New York,1,18804000,https://github.com/nychealth/coronavirus-data/blob/master/trends/data-by-day.csv,3121,2928,16.6,15.57
2021-05-30,2021-03-05,New York,1,18804000,https://github.com/nychealth/coronavirus-data/blob/master/trends/data-by-day.csv,2887,2877,15.35,15.3
2021-05-30,2021-03-06,New York,1,18804000,https://github.com/nychealth/coronavirus-data/blob/master/trends/data-by-day.csv,2048,2882,10.89,15.33
2021-05-30,2021-03-07,New York,1,18804000,https://github.com/nychealth/coronavirus-data/blob/master/trends/data-by-day.csv,1879,2859,9.99,15.21
2021-05-30,2021-03-08,New York,1,18804000,https://github.com/nychealth/coronavirus-data/blob/master/trends/data-by-day.csv,3401,2813,18.09,14.96
2021-05-30,2021-03-09,New York,1,18804000,https://github.com/nychealth/coronavirus-data/blob/master/trends/data-by-day.csv,3333,2844,17.72,15.13
2021-05-30,2021-03-10,New York,1,18804000,https://github.com/nychealth/coronavirus-data/blob/master/trends/data-by-day.csv,3205,2839,17.04,15.1
2021-05-30,2021-03-11,New York,1,18804000,https://github.com/nychealth/coronavirus-data/blob/master/trends/data-by-day.csv,3100,2836,16.49,15.08
2021-05-30,2021-03-12,New York,1,18804000,https://github.com/nychealth/coronavirus-data/blob/master/trends/data-by-day.csv,3207,2882,17.05,15.32
2021-05-30,2021-03-13,New York,1,18804000,https://github.com/nychealth/coronavirus-data/blob/master/trends/data-by-day.csv,2173,2900,11.56,15.42
2021-05-30,2021-03-14,New York,1,18804000,https://github.com/nychealth/coronavirus-data/blob/master/trends/data-by-day.csv,1918,2905,10.2,15.45
2021-05-30,2021-03-15,New York,1,18804000,https://github.com/nychealth/coronavirus-data/blob/master/trends/data-by-day.csv,3396,2905,18.06,15.45
2021-05-30,2021-03-16,New York,1,18804000,https://github.com/nychealth/coronavirus-data/blob/master/trends/data-by-day.csv,3196,2885,17.0,15.34
2021-05-30,2021-03-17,New York,1,18804000,https://github.com/nychealth/coronavirus-data/blob/master/trends/data-by-day.csv,3175,2881,16.88,15.32
2021-05-30,2021-03-18,New York,1,18804000,https://github.com/nychealth/coronavirus-data/blob/master/trends/data-by-day.csv,2919,2855,15.52,15.18
2021-05-30,2021-03-19,New York,1,18804000,https://github.com/nychealth/coronavirus-data/blob/master/trends/data-by-day.csv,3049,2832,16.21,15.06
2021-05-30,2021-03-20,New York,1,18804000,https://github.com/nychealth/coronavirus-data/blob/master/trends/data-by-day.csv,2160,2830,11.49,15.05
2021-05-30,2021-03-21,New York,1,18804000,https://github.com/nychealth/coronavirus-data/blob/master/trends/data-by-day.csv,2081,2854,11.07,15.18
2021-05-30,2021-03-22,New York,1,18804000,https://github.com/nychealth/coronavirus-data/blob/master/trends/data-by-day.csv,3860,2920,20.53,15.53
2021-05-30,2021-03-23,New York,1,18804000,https://github.com/nychealth/coronavirus-data/blob/master/trends/data-by-day.csv,3234,2925,17.2,15.56
2021-05-30,2021-03-24,New York,1,18804000,https://github.com/nychealth/coronavirus-data/blob/master/trends/data-by-day.csv,3463,2967,18.42,15.78
2021-05-30,2021-03-25,New York,1,18804000,https://github.com/nychealth/coronavirus-data/blob/master/trends/data-by-day.csv,3779,3089,20.1,16.43
2021-05-30,2021-03-26,New York,1,18804000,https://github.com/nychealth/coronavirus-data/blob/master/trends/data-by-day.csv,3410,3141,18.13,16.71
2021-05-30,2021-03-27,New York,1,18804000,https://github.com/nychealth/coronavirus-data/blob/master/trends/data-by-day.csv,2214,3149,11.77,16.75
2021-05-30,2021-03-28,New York,1,18804000,https://github.com/nychealth/coronavirus-data/blob/master/trends/data-by-day.csv,1751,3102,9.31,16.49
2021-05-30,2021-03-29,New York,1,18804000,https://github.com/nychealth/coronavirus-data/blob/master/trends/data-by-day.csv,3542,3056,18.84,16.25
2021-05-30,2021-03-30,New York,1,18804000,https://github.com/nychealth/coronavirus-data/blob/master/trends/data-by-day.csv,3170,3047,16.86,16.2
2021-05-30,2021-03-31,New York,1,18804000,https://github.com/nychealth/coronavirus-data/blob/master/trends/data-by-day.csv,3176,3006,16.89,15.99
2021-05-30,2021-04-01,New York,1,18804000,https://github.com/nychealth/coronavirus-data/blob/master/trends/data-by-day.csv,2856,2874,15.19,15.28
2021-05-30,2021-04-02,New York,1,18804000,https://github.com/nychealth/coronavirus-data/blob/master/trends/data-by-day.csv,2620,2761,13.93,14.68
2021-05-30,2021-04-03,New York,1,18804000,https://github.com/nychealth/coronavirus-data/blob/master/trends/data-by-day.csv,2046,2737,10.88,14.56
2021-05-30,2021-04-04,New York,1,18804000,https://github.com/nychealth/coronavirus-data/blob/master/trends/data-by-day.csv,1469,2697,7.81,14.34
2021-05-30,2021-04-05,New York,1,18804000,https://github.com/nychealth/coronavirus-data/blob/master/trends/data-by-day.csv,3274,2659,17.41,14.14
2021-05-30,2021-04-06,New York,1,18804000,https://github.com/nychealth/coronavirus-data/blob/master/trends/data-by-day.csv,3005,2635,15.98,14.01
2021-05-30,2021-04-07,New York,1,18804000,https://github.com/nychealth/coronavirus-data/blob/master/trends/data-by-day.csv,2761,2576,14.68,13.7
2021-05-30,2021-04-08,New York,1,18804000,https://github.com/nychealth/coronavirus-data/blob/master/trends/data-by-day.csv,2564,2534,13.64,13.48
2021-05-30,2021-04-09,New York,1,18804000,https://github.com/nychealth/coronavirus-data/blob/master/trends/data-by-day.csv,2467,2512,13.12,13.36
2021-05-30,2021-04-10,New York,1,18804000,https://github.com/nychealth/coronavirus-data/blob/master/trends/data-by-day.csv,1725,2466,9.17,13.12
2021-05-30,2021-04-11,New York,1,18804000,https://github.com/nychealth/coronavirus-data/blob/master/trends/data-by-day.csv,1312,2444,6.98,13.0
2021-05-30,2021-04-12,New York,1,18804000,https://github.com/nychealth/coronavirus-data/blob/master/trends/data-by-day.csv,2536,2339,13.49,12.44
2021-05-30,2021-04-13,New York,1,18804000,https://github.com/nychealth/coronavirus-data/blob/master/trends/data-by-day.csv,2359,2246,12.55,11.95
2021-05-30,2021-04-14,New York,1,18804000,https://github.com/nychealth/coronavirus-data/blob/master/trends/data-by-day.csv,2245,2173,11.94,11.56
2021-05-30,2021-04-15,New York,1,18804000,https://github.com/nychealth/coronavirus-data/blob/master/trends/data-by-day.csv,2018,2095,10.73,11.14
2021-05-30,2021-04-16,New York,1,18804000,https://github.com/nychealth/coronavirus-data/blob/master/trends/data-by-day.csv,1837,2005,9.77,10.66
2021-05-30,2021-04-17,New York,1,18804000,https://github.com/nychealth/coronavirus-data/blob/master/trends/data-by-day.csv,1271,1940,6.76,10.32
2021-05-30,2021-04-18,New York,1,18804000,https://github.com/nychealth/coronavirus-data/blob/master/trends/data-by-day.csv,1052,1903,5.59,10.12
2021-05-30,2021-04-19,New York,1,18804000,https://github.com/nychealth/coronavirus-data/blob/master/trends/data-by-day.csv,1886,1810,10.03,9.62
2021-05-30,2021-04-20,New York,1,18804000,https://github.com/nychealth/coronavirus-data/blob/master/trends/data-by-day.csv,1595,1701,8.48,9.04
2021-05-30,2021-04-21,New York,1,18804000,https://github.com/nychealth/coronavirus-data/blob/master/trends/data-by-day.csv,1417,1582,7.54,8.41
2021-05-30,2021-04-22,New York,1,18804000,https://github.com/nychealth/coronavirus-data/blob/master/trends/data-by-day.csv,1359,1488,7.23,7.91
2021-05-30,2021-04-23,New York,1,18804000,https://github.com/nychealth/coronavirus-data/blob/master/trends/data-by-day.csv,1289,1410,6.85,7.5
2021-05-30,2021-04-24,New York,1,18804000,https://github.com/nychealth/coronavirus-data/blob/master/trends/data-by-day.csv,850,1350,4.52,7.18
2021-05-30,2021-04-25,New York,1,18804000,https://github.com/nychealth/coronavirus-data/blob/master/trends/data-by-day.csv,754,1307,4.01,6.95
2021-05-30,2021-04-26,New York,1,18804000,https://github.com/nychealth/coronavirus-data/blob/master/trends/data-by-day.csv,1363,1232,7.25,6.55
2021-05-30,2021-04-27,New York,1,18804000,https://github.com/nychealth/coronavirus-data/blob/master/trends/data-by-day.csv,1137,1167,6.05,6.21
2021-05-30,2021-04-28,New York,1,18804000,https://github.com/nychealth/coronavirus-data/blob/master/trends/data-by-day.csv,1210,1137,6.43,6.05
2021-05-30,2021-04-29,New York,1,18804000,https://github.com/nychealth/coronavirus-data/blob/master/trends/data-by-day.csv,1050,1093,5.58,5.81
2021-05-30,2021-04-30,New York,1,18804000,https://github.com/nychealth/coronavirus-data/blob/master/trends/data-by-day.csv,956,1046,5.08,5.56
2021-05-30,2021-05-01,New York,1,18804000,https://github.com/nychealth/coronavirus-data/blob/master/trends/data-by-day.csv,555,1004,2.95,5.34
2021-05-30,2021-05-02,New York,1,18804000,https://github.com/nychealth/coronavirus-data/blob/master/trends/data-by-day.csv,551,975,2.93,5.18
2021-05-30,2021-05-03,New York,1,18804000,https://github.com/nychealth/coronavirus-data/blob/master/trends/data-by-day.csv,908,910,4.83,4.84
2021-05-30,2021-05-04,New York,1,18804000,https://github.com/nychealth/coronavirus-data/blob/master/trends/data-by-day.csv,853,869,4.54,4.62
2021-05-30,2021-05-05,New York,1,18804000,https://github.com/nychealth/coronavirus-data/blob/master/trends/data-by-day.csv,756,804,4.02,4.28
2021-05-30,2021-05-06,New York,1,18804000,https://github.com/nychealth/coronavirus-data/blob/master/trends/data-by-day.csv,754,762,4.01,4.05
2021-05-30,2021-05-07,New York,1,18804000,https://github.com/nychealth/coronavirus-data/blob/master/trends/data-by-day.csv,695,725,3.7,3.85
2021-05-30,2021-05-08,New York,1,18804000,https://github.com/nychealth/coronavirus-data/blob/master/trends/data-by-day.csv,374,699,1.99,3.72
2021-05-30,2021-05-09,New York,1,18804000,https://github.com/nychealth/coronavirus-data/blob/master/trends/data-by-day.csv,325,666,1.73,3.55
2021-05-30,2021-05-10,New York,1,18804000,https://github.com/nychealth/coronavirus-data/blob/master/trends/data-by-day.csv,641,628,3.41,3.34
2021-05-30,2021-05-11,New York,1,18804000,https://github.com/nychealth/coronavirus-data/blob/master/trends/data-by-day.csv,613,594,3.26,3.16
2021-05-30,2021-05-12,New York,1,18804000,https://github.com/nychealth/coronavirus-data/blob/master/trends/data-by-day.csv,572,568,3.04,3.02
2021-05-30,2021-05-13,New York,1,18804000,https://github.com/nychealth/coronavirus-data/blob/master/trends/data-by-day.csv,492,530,2.62,2.82
2021-05-30,2021-05-14,New York,1,18804000,https://github.com/nychealth/coronavirus-data/blob/master/trends/data-by-day.csv,464,497,2.47,2.65
2021-05-30,2021-05-15,New York,1,18804000,https://github.com/nychealth/coronavirus-data/blob/master/trends/data-by-day.csv,280,484,1.49,2.57
2021-05-30,2021-05-16,New York,1,18804000,https://github.com/nychealth/coronavirus-data/blob/master/trends/data-by-day.csv,270,476,1.44,2.53
2021-05-30,2021-05-17,New York,1,18804000,https://github.com/nychealth/coronavirus-data/blob/master/trends/data-by-day.csv,443,448,2.36,2.38
2021-05-30,2021-05-18,New York,1,18804000,https://github.com/nychealth/coronavirus-data/blob/master/trends/data-by-day.csv,398,417,2.12,2.22
2021-05-30,2021-05-19,New York,1,18804000,https://github.com/nychealth/coronavirus-data/blob/master/trends/data-by-day.csv,356,386,1.89,2.06
2021-05-30,2021-05-20,New York,1,18804000,https://github.com/nychealth/coronavirus-data/blob/master/trends/data-by-day.csv,369,369,1.96,1.96
2021-05-30,2021-05-21,New York,1,18804000,https://github.com/nychealth/coronavirus-data/blob/master/trends/data-by-day.csv,339,351,1.8,1.87
2021-05-30,2021-05-22,New York,1,18804000,https://github.com/nychealth/coronavirus-data/blob/master/trends/data-by-day.csv,220,342,1.17,1.82
2021-05-30,2021-05-23,New York,1,18804000,https://github.com/nychealth/coronavirus-data/blob/master/trends/data-by-day.csv,170,328,0.9,1.74
2021-05-30,2021-05-24,New York,1,18804000,https://github.com/nychealth/coronavirus-data/blob/master/trends/data-by-day.csv,327,311,1.74,1.65
2021-05-30,2021-05-25,New York,1,18804000,https://github.com/nychealth/coronavirus-data/blob/master/trends/data-by-day.csv,277,294,1.47,1.56
2021-05-30,2021-05-26,New York,1,18804000,https://github.com/nychealth/coronavirus-data/blob/master/trends/data-by-day.csv,211,273,1.12,1.45
